#날짜 : 2022/06/15
#이름 : 이서희
#내용 : SQL 고급실습


#실습하기 5-1
CREATE TABLE `Member` (
	`uid`		VARCHAR(10) PRIMARY KEY,
	`name`	VARCHAR(10) NOT NULL,
	`hp`		CHAR(13) UNIQUE NOT NULL,
	`pos`		VARCHAR(10) NOT NULL DEFAULT '사원',
	`dep`		INT,
	`rdate`	DATETIME NOT NULL
);

CREATE TABLE `Department` (
	`depNo` INT PRIMARY KEY,
	`name` VARCHAR(10) NOT NULL,
	`tel`  CHAR(12) NOT NULL
);

CREATE TABLE `Sales` (
	`seq`   INT PRIMARY KEY AUTO_INCREMENT,
	`uid`   VARCHAR(10) NOT NULL,
	`year`  YEAR NOT NULL,
	`month` TINYINT NOT NULL,
	`sale`  INT NOT NULL
);

#실습하기 5-2
INSERT INTO `Member` VALUES ('a101', '박혁거세', '010-1234-1001', '부장', 101, NOW());
INSERT INTO `Member` VALUES ('a102', '김유신',   '010-1234-1002', '차장', 101, NOW());
INSERT INTO `Member` VALUES ('a103', '김춘추',   '010-1234-1003', '사원', 101, NOW());
INSERT INTO `Member` VALUES ('a104', '장보고',   '010-1234-1004', '대리', 102, NOW());
INSERT INTO `Member` VALUES ('a105', '강감찬',   '010-1234-1005', '과장', 102, NOW());
INSERT INTO `Member` VALUES ('a106', '이성계',   '010-1234-1006', '차장', 103, NOW());
INSERT INTO `Member` VALUES ('a107', '정철',     '010-1234-1007', '차장', 103, NOW());
INSERT INTO `Member` VALUES ('a108', '이순신',   '010-1234-1008', '부장', 104, NOW());
INSERT INTO `Member` VALUES ('a109', '허균',     '010-1234-1009', '부장', 104, NOW());

INSERT INTO `Member` (`uid`, `name`, `hp`, `dep`, `rdate`) 
				   VALUES ('a110', '정약용',   '010-1234-1010', 105, NOW());
				   
INSERT INTO `Member` (`uid`, `name`, `hp`, `dep`, `rdate`) 
               VALUES ('a111', '박지원',   '010-1234-1011', 105, NOW());


INSERT INTO `Department` VALUES (101, '영업1부',    '051-512-1001');
INSERT INTO `Department` VALUES (102, '영업2부',    '051-512-1002');
INSERT INTO `Department` VALUES (103, '영업3부',    '051-512-1003');
INSERT INTO `Department` VALUES (104, '영업4부',    '051-512-1004');
INSERT INTO `Department` VALUES (105, '영업5부',    '051-512-1005');
INSERT INTO `Department` VALUES (106, '영업지원부', '051-512-1006');
INSERT INTO `Department` VALUES (107, '인사부',     '051-512-1007');

INSERT INTO `Sales` (`uid`, `year`, `month`, `sale`) VALUES ('a101', 2018, 1,  98100);
INSERT INTO `Sales` (`uid`, `year`, `month`, `sale`) VALUES ('a102', 2018, 1, 136000);
INSERT INTO `Sales` (`uid`, `year`, `month`, `sale`) VALUES ('a103', 2018, 1,  80100);
INSERT INTO `Sales` (`uid`, `year`, `month`, `sale`) VALUES ('a104', 2018, 1,  78000);
INSERT INTO `Sales` (`uid`, `year`, `month`, `sale`) VALUES ('a105', 2018, 1,  93000);

INSERT INTO `Sales` (`uid`, `year`, `month`, `sale`) VALUES ('a101', 2018, 2,  23500);
INSERT INTO `Sales` (`uid`, `year`, `month`, `sale`) VALUES ('a102', 2018, 2, 126000);
INSERT INTO `Sales` (`uid`, `year`, `month`, `sale`) VALUES ('a103', 2018, 2,  18500);
INSERT INTO `Sales` (`uid`, `year`, `month`, `sale`) VALUES ('a105', 2018, 2,  19000);
INSERT INTO `Sales` (`uid`, `year`, `month`, `sale`) VALUES ('a106', 2018, 2,  53000);

INSERT INTO `Sales` (`uid`, `year`, `month`, `sale`) VALUES ('a101', 2019, 1,  24000);
INSERT INTO `Sales` (`uid`, `year`, `month`, `sale`) VALUES ('a102', 2019, 1, 109000);
INSERT INTO `Sales` (`uid`, `year`, `month`, `sale`) VALUES ('a103', 2019, 1, 101000);
INSERT INTO `Sales` (`uid`, `year`, `month`, `sale`) VALUES ('a104', 2019, 1,  53500);
INSERT INTO `Sales` (`uid`, `year`, `month`, `sale`) VALUES ('a107', 2019, 1,  24000);

INSERT INTO `Sales` (`uid`, `year`, `month`, `sale`) VALUES ('a102', 2019, 2, 160000);
INSERT INTO `Sales` (`uid`, `year`, `month`, `sale`) VALUES ('a103', 2019, 2, 101000);
INSERT INTO `Sales` (`uid`, `year`, `month`, `sale`) VALUES ('a104', 2019, 2,  43000);
INSERT INTO `Sales` (`uid`, `year`, `month`, `sale`) VALUES ('a105', 2019, 2,  24000);
INSERT INTO `Sales` (`uid`, `year`, `month`, `sale`) VALUES ('a106', 2019, 2, 109000);

INSERT INTO `Sales` (`uid`, `year`, `month`, `sale`) VALUES ('a102', 2020, 1, 201000);
INSERT INTO `Sales` (`uid`, `year`, `month`, `sale`) VALUES ('a104', 2020, 1,  63000);
INSERT INTO `Sales` (`uid`, `year`, `month`, `sale`) VALUES ('a105', 2020, 1,  74000);
INSERT INTO `Sales` (`uid`, `year`, `month`, `sale`) VALUES ('a106', 2020, 1, 122000);
INSERT INTO `Sales` (`uid`, `year`, `month`, `sale`) VALUES ('a107', 2020, 1, 111000);

INSERT INTO `Sales` (`uid`, `year`, `month`, `sale`) VALUES ('a102', 2020, 2, 120000);
INSERT INTO `Sales` (`uid`, `year`, `month`, `sale`) VALUES ('a103', 2020, 2,  93000);
INSERT INTO `Sales` (`uid`, `year`, `month`, `sale`) VALUES ('a104', 2020, 2,  84000);
INSERT INTO `Sales` (`uid`, `year`, `month`, `sale`) VALUES ('a105', 2020, 2, 180000);
INSERT INTO `Sales` (`uid`, `year`, `month`, `sale`) VALUES ('a108', 2020, 2,  76000);

#실습하기 5-3
SELECT * FROM `member` WHERE `name`='김유신';
SELECT * FROM `member` WHERE `name` != '김춘추';
SELECT * FROM `member` WHERE `name` <> '김춘추';
SELECT * FROM `member` WHERE `pos`='사원' OR `pos`='대리';
SELECT * FROM `member` WHERE `pos` IN('사원', '대리');
SELECT * FROM `member` WHERE `name` LIKE '%신';
SELECT * FROM `member` WHERE `name` LIKE '정_';

#실습하기 5-4
SELECT * FROM `Sales` ORDER BY `sale` ASC;
SELECT * FROM `Sales` ORDER BY `sale` DESC;

SELECT * FROM `Sales` 
	WHERE `sale` > 50000
		ORDER BY `year`, `month`, `sale` DESC; 


#실습하기 5-5
SELECT * FROM `Sales` LIMIT 3;
SELECT * FROM `Sales` LIMIT 1, 3;
SELECT * FROM `Sales` LIMIT 4, 5;

SELECT * FROM `Sales`
	WHERE `sale` > 50000
		ORDER BY `year` DESC, `month` ASC, `sale` DESC
			LIMIT 5;


#실습하기 5-6
SELECT SUM(`sale`) AS `합계` FROM `Sales`;
SELECT AVG(`sale`) AS `평균` FROM `Sales`;
SELECT COUNT(*) AS `갯수` FROM `Sales`;

INSERT INTO `member` VALUES ('b101', '을지문덕', '010-5555-1234', '사장', 107, NOW());

#확인문제1
SELECT SUM(`sale`) AS `2018년 1월 총매출` 
	FROM `Sales` 
		WHERE `year`=2018 AND `month`=1;

#확인문제2
SELECT 
	SUM(`sale`) AS `총합`, 
	AVG(`sale`) AS `평균` 
FROM 
	`Sales` 
WHERE 
	`year`=2019 AND 
	`month`=2   AND 
	`sale` > 50000;

#확인문제3
SELECT 
	MIN(`sale`) AS `최저`,  
	MAX(`sale`) AS `최고`
FROM 
	`Sales` 
WHERE 
	`year` = 2020;


#실습하기 5-7
SELECT *FROM `sales` GROUP BY `uid`;

SELECT * FROM `sales` GROUP BY `year`;

SELECT *FROM `sales` GROUP BY `uid`,`year`;

SELECT `uid`, SUM(`sale`) AS `합계`
FROM `sales` GROUP BY `uid`;

SELECT `uid`, COUNT(*) AS `건수` 
FROM `sales` GROUP BY `uid`;

SELECT `uid`, AVG(`sale`) AS '평균' 
FROM `sales` GROUP BY `uid`;



SELECT `uid`,`year`, sum(`sale`) AS `합계` 
FROM `sales` 
WHERE `sale` >= 100000 
GROUP BY `uid`,`year` 
ORDER BY `합계` DESC;

SELECT `uid`,`year`, sum(`sale`) AS `합계` 
FROM `sales` 
WHERE `sale` >= 100000 
GROUP BY `uid`,`year`
ORDER BY `year` ASC, `합계` DESC;


SELECT * FROM`sales` 


#실습하기 5-8

#실습하기 5-9


CREATE TABLE `sales2` LIKE `sales`;
INSERT INTO `sales2` SELECT * FROM `sales`;
UPDATE `sales2` SET `year` = `year` + 3;


SELECT `uid`,`year`, SUM(`sale`) AS `합계`
FROM `sales` 
GROUP BY `uid`,`year` 
UNION 
SELECT `uid`, `year`, SUM(`sale`) AS `합계`
FROM `sales2`
GROUP BY `uid`,`year`
ORDER BY `year` ASc, `합계` DESC;





#실습하기 5-10


#실습하기 5-11
SELECT*
FROM 	`sales`
JOIN `member`
ON `sales`.uid = `member`.uid;

SELECT 
       a.seq,
       a.uid,
       a.year,
       a.month,
       a.sale,
       b.name,
       b.hp,
       b.pos
FROM `sales` AS a
JOIN `member` AS b
ON a.uid = b.uid;



SELECT *
FROM `sales` AS a
JOIN `member` AS b
USING(`uid`);


SELECT *
FROM `sales` AS a
JOIN `member` AS b USING (uid)
JOIN `department` AS c ON b.dep = c.depNo;

SELECT*
FROM `sales` AS a,
`member` AS b
WHERE a.uid = b.uid;

SELECT *
FROM `sales` AS a
JOIN `member` asb
USING (uid)
WHERE `sale` >=100000;

SELECT 


#실습하기 5-12

SELECT * 
FROM `sales` AS a
left JOIN `member` AS b
ON a.uid = b.uid;

SELECT *
FROM `sales` AS a
RIGHT JOIN `member` AS b
ON a.uid = b.uid;


SELECT *
FROM `sales` AS a
LEFT JOIN `member` AS b
USING (uid);


SELECT *
FROM `sales` AS a
RIGHT JOIN `member` AS b
USING(uid);

#확인문제1
SELECT a.uid,a.name,a.pos,b.name
FROM `member` AS a
JOIN `department` AS b
ON a.dep = b.depNo;

#확인문제2
SELECT a.uid,b.name,a.year,SUM(`sale`) AS '합계'
FROM `sales` AS a
JOIN `member` AS b
ON a.uid = b.uid
WHERE b.name = '김유신' AND a.year = 2019;

#확인문제3
SELECT b.name, c.name, b.pos, a.year
, SUM(`sale`) AS `합계`
FROM `sales` AS a
JOIN `member` AS b ON a.uid = b.uid
JOIN `department` AS c ON b.dep = c.depNo
WHERE 
    `year`=2019 and
    `sale` >=50000
GROUP BY a.`uid`
HAVING `합계` >= 100000
ORDER BY `합계` DESC;